名稱,地址,都道府縣,營業時間,遊戲,郵遞區號,地圖連結,詳細連結
タイトーＦステーションセントポルタ大分店,大分県大分市中央町２−１−１,大分県,09:00〜24:00,CHUNITHM、頭文字D THE ARCADE、maimai でらっくす、ALL.Net P-ras MULTI バージョン３、オンゲキ、セガNET麻雀 MJ Arcade,870-0035,,https://location.am-all.net/alm/shop?gm=96&astep=0&sid=28063
ＧｉＧＯ高城,大分県大分市牧１−１６１−８,大分県,10:00〜24:00,英傑大戦、CHUNITHM、頭文字D THE ARCADE、maimai でらっくす、StarHorse4、ALL.Net P-ras MULTI バージョン３、オンゲキ、Wonderland Wars、初音ミク Project DIVA Arcade Future Tone、セガNET麻雀 MJ Arcade,870-0924,,https://location.am-all.net/alm/shop?gm=96&astep=0&sid=29138
プラサカプコン大分店,大分県大分市公園通り西２−１パークプレイス大分２Ｆ,大分県,,CHUNITHM、頭文字D THE ARCADE、maimai でらっくす、オンゲキ、HOUSE OF THE DEAD: SCARLET DAWN,870-0173,,https://location.am-all.net/alm/shop?gm=96&astep=0&sid=27208
トライセン萩原,大分県大分市萩原４−２２７−７,大分県,,英傑大戦、CHUNITHM、頭文字D THE ARCADE、maimai でらっくす、ALL.Net P-ras MULTI バージョン３、オンゲキ、セガNET麻雀 MJ Arcade,870-0921,,https://location.am-all.net/alm/shop?gm=96&astep=0&sid=26323
ラウンドワン大分店,大分県大分市萩原２−１３−１７,大分県,10:00〜23:50,StarHorseParty、totolu、英傑大戦、CHUNITHM、頭文字D THE ARCADE、maimai でらっくす、StarHorse4、オンゲキ、HOUSE OF THE DEAD: SCARLET DAWN,870-0921,,https://location.am-all.net/alm/shop?gm=96&astep=0&sid=25456
ＦＥＳＴＡフリーモールわさだ店,大分県大分市大字木上字鉾手２１０２番地,大分県,,totolu、CHUNITHM、頭文字D THE ARCADE、maimai でらっくす、オンゲキ、HOUSE OF THE DEAD: SCARLET DAWN,870-1161,,https://location.am-all.net/alm/shop?gm=96&astep=0&sid=25215
タイトー アミュプラザおおいた店,大分県大分市要町１−１４アミュプラザおおいた４Ｆ,大分県,,NICO MAKE、maimai でらっくす、HOUSE OF THE DEAD: SCARLET DAWN,870-0831,,https://location.am-all.net/alm/shop?gm=96&astep=0&sid=21408
ＧｉＧＯ別府,大分県別府市餅ヶ浜町１６１−２,大分県,10:00〜24:00,CHUNITHM、頭文字D THE ARCADE、maimai でらっくす、ALL.Net P-ras MULTI バージョン３、オンゲキ、Wonderland Wars、初音ミク Project DIVA Arcade Future Tone,874-0000,,https://location.am-all.net/alm/shop?gm=96&astep=0&sid=29137
ＧｉＧＯ中津,大分県中津市沖代町１−２−１６,大分県,10:00〜24:00,CHUNITHM、頭文字D THE ARCADE、maimai でらっくす、StarHorse4、ALL.Net P-ras MULTI バージョン３、Wonderland Wars、初音ミク Project DIVA Arcade Future Tone、セガNET麻雀 MJ Arcade、ALL.Net P-ras MULTI,871-0021,,https://location.am-all.net/alm/shop?gm=96&astep=0&sid=29151
トライセン中津店,大分県中津市下池永６７−３,大分県,,英傑大戦、CHUNITHM、maimai でらっくす、ALL.Net P-ras MULTI バージョン３、オンゲキ、セガNET麻雀 MJ Arcade,871-0011,,https://location.am-all.net/alm/shop?gm=96&astep=0&sid=25355
ユーズランド三光店,大分県中津市三光佐知1032イオンモール三光2F,大分県,,CHUNITHM、頭文字D THE ARCADE、maimai でらっくす、オンゲキ,871-0111,,https://location.am-all.net/alm/shop?gm=96&astep=0&sid=23308
Ｇ−ｐａｌａ日田,大分県日田市友田997-1,大分県,09:00〜24:00,英傑大戦、CHUNITHM、頭文字D THE ARCADE、maimai でらっくす、StarHorse4、オンゲキ、セガNET麻雀 MJ Arcade、ALL.Net P-ras MULTI,877-0000,,https://location.am-all.net/alm/shop?gm=96&astep=0&sid=29030
パスカランド日田店,大分県日田市大字庄手６４８番地７１イオンタウン日田店専門店棟,大分県,10:00〜20:00,CHUNITHM、頭文字D THE ARCADE、maimai でらっくす,877-0000,,https://location.am-all.net/alm/shop?gm=96&astep=0&sid=18870
ＦＥＳＴＡコスモタウン佐伯店,大分県佐伯市鶴岡西町２丁目１６３番地 コスモタウン佐伯内,大分県,10:00〜24:00,NICO MAKE、CHUNITHM、頭文字D THE ARCADE、maimai でらっくす、オンゲキ、HOUSE OF THE DEAD: SCARLET DAWN,876-0046,,https://location.am-all.net/alm/shop?gm=96&astep=0&sid=25508
