名稱,地址,都道府縣,地圖連結
maimai でらっくす,秋田県,秋田県,
ＳＯＹＵＧａｍｅＦｉｅｌｄ御所野店,秋田県秋田市御所野地蔵田１ー１−１イオンモール秋田２Ｆ,秋田県,
ＧｉＧＯ秋田,秋田県秋田市茨島１−１−１６,秋田県,
ラウンドワン秋田店,秋田県秋田市卸町１−１−２,秋田県,
ロックンボウル,秋田県秋田市広面字長沼３０１,秋田県,
ペニーポット秋田,秋田県秋田市中通2-8-1フォンテ秋田4F,秋田県,
ｎａｍｃｏイオンタウン大館西店,秋田県大館市根下戸新町１８番１２１号　イオンタウン大館西内,秋田県,
ＳＯＹＵＧａｍｅＦｉｅｌｄ大館店,秋田県大館市御成町三丁目７番５８号いとく大館ＳＣ３階,秋田県,
ゲームフィールド十文字店,秋田県横手市十文字町仁井田字東22-1スーパーモールラッキー内,秋田県,
プレイランドソピアいとくアクロス能代店,秋田県能代市字寺向70いとくアクロス能代店内,秋田県,
モーリーファンタジー能代,秋田県能代市柳町１１−１　３Ｆ,秋田県,
ＳＯＹＵＧａｍｅＦｉｅｌｄ能代店,秋田県能代市鰄渕字古屋布１番イオンタウン能代内,秋田県,
プラサカプコン大曲店,秋田県大仙市和合字坪立１７７イオン大曲ＳＣ２Ｆ,秋田県,
ゲームフィールド鷹巣店,秋田県北秋田市栄字前綱76　いとく鷹巣SC内,秋田県,
モーリーファンタジー本荘,秋田県由利本荘市石脇田中１３８番地,秋田県,
