name,lat,lng,mai
基隆一定好★CUBE★,25.129765,121.74485700000002,False
樂吉獅歡樂世界 - 基隆店,25.1307591,121.74469010000007,False
台北娃娃帝國地下街,25.046575,121.51558299999999,False
永淇樂園,25.048704,121.51504499999999,True
哈啦星球 - 板橋南雅店,25.0061717,121.45437349999997,True
湯姆熊台北金萬年店,25.0435081,121.50588600000003,True
極限遊戲道館（天台廣場）,25.061916,121.49722599999996,True
三重奇樂多歡樂天地,25.064337,121.500585,False
奇樂多歡樂天地饒河店（前熊太樂園）,25.0503566,121.5747878,False
力堡站前店,25.046706,121.515135,True
遊戲玩家 HYPER GAMER,25.04517,121.50556800000004,False
新莊E7同樂園（一起玩樂世界）,25.023269,121.42492700000003,False
玩具總動員-西門店,25.0447664,121.5050877,False
卡通尼樂園明曜店,25.041275,121.55204700000002,False
上上娃娃屋,25.088143,121.5225553,False
新都市育樂廣場,24.958438,121.22017600000004,True
壹網棧,24.991532,121.312727,False
幸運之星電子遊戲場,24.9911497,121.31256200000007,True
湯姆熊新竹中興店,24.801872,120.96893109999996,True
湯姆熊新竹巨城店,24.8088655,120.97447260000001,True
彼得堡歡樂世界,25.0140513,121.46381500000007,False
TIGER球の運動館,24.146745,120.64365499999997,False
(一中街)娃娃帝國音樂運動館,24.149545,120.68460500000003,False
(一中街)娃娃帝國育才店,24.149434,120.68491599999993,False
娃娃帝國一中店,24.148774,120.68530499999997,False
娃娃帝國 - 倫敦館,24.1780952,120.6453653,False
湯姆熊親親店(親親戲院),24.160239,120.69200899999998,True
王者保齡球館,24.096572,120.68400900000006,False
湯姆熊台中大里店,24.1088754,120.68997450000006,True
湯姆熊台中中友店,24.1520729,120.684754,True
新藝城 - 廟東店,24.2511067,120.71917280000002,False
員林火車頭娃娃城,23.9589529,120.57043999999996,False
變色龍歡樂世界,23.477301,120.449769,True
湯姆熊 - 嘉義文化店,23.480581,120.4472809,False
湯姆熊台南真光店,22.982266,120.23015190000001,True
湯姆熊台南西門店,23.013162,120.20883900000001,True
湯姆熊台南開元店,23.0074561,120.22004800000002,True
Happy 100 - 德安百貨6F,22.9738271,120.22068390000004,False
湯姆熊金華店,22.971333,120.19090600000004,True
湯姆熊台南遠百娛樂城,22.9954981,120.20610599999998,False
湯姆熊巧立店,22.9929344,120.1971214,True
湯姆熊台南FOCUS店,22.9956675,120.21002199999998,True
HAPPY 100 - 夢時代店,22.5957419,120.30733540000006,True
湯姆熊高雄大遠百,22.6130726,120.30395069999997,True
大江戶電競中心,22.644834,120.30941099999995,False
快樂龍八德店,22.636197,120.30053099999998,False
湯姆熊六合店,22.6311004,120.29621939999993,True
集娃娃新崛江,22.6226297,120.30215699999997,False
鳳山快樂龍A店,22.622622,120.35816999999997,False
湯姆熊鳳山店,22.622622,120.35816999999997,True
快樂龍岡山店,22.79419,120.29845210000008,False
Happy 100 - 義大購物廣場C區3樓,22.7305136,120.40148210000007,True
湯姆熊一心店,22.613684,120.30550900000003,False
五甲酷酷龍,22.59467,120.331639,False
Happy100 - 環球購物中心新左營店,22.6875442,120.30678779999994,False
湯姆熊屏東真光店,22.667925,120.497476,True
Happy 100 - 屏東火車站,22.6689173,120.4860729,False
邱比特Cupid,23.5668264,119.56556139999998,False
湯姆熊新月廣場店,24.7548524,121.75071100000002,True
花蓮三商湯姆熊,23.9776289,121.60806000000002,True
湯姆熊彼得堡店,22.7530226,121.15195619999997,True
娃娃樂園 - 基隆店,25.128727,121.74370699999997,False
響叮噹饒河店,25.0591662,121.5589142,False
一樂園,25.0639839,121.4986611,False
YOYO熊,25.007475,121.51273400000002,False
幸運星新竹店,24.801681,120.96987899999999,False
湯姆熊 - 台中新時代店（iFG遠雄廣場）,24.1362895,120.6876909,True
百威娛樂城,22.9948891,120.203352,False
湯姆熊羅東民生店,24.6766954,121.77089950000004,True
歡樂行星,24.67581,121.767875,False
歐洲歡樂城（宜蘭麥克龍）,24.7568645,121.7582246,False
永淇樂園-公館店,25.012761,121.535931,False
紅帽象中壢SOGO店,24.962714,121.223579,True
紅帽象廣三SOGO店,24.155469,120.661888,False
迪貝堡 - 台南國賓店,22.996277,120.234407,True
湯姆熊夢時代店,22.5957419,120.3073354,True
湯姆熊基隆市廟口店,25.12876,121.7440069,False
東湖哈拉影城,25.0703881,121.6111908,False
集娃娃坎城店,22.644834,120.309411,False
中壢其立兒,24.9542033,121.2242102,False
湯姆熊國際百貨店,25.130154,121.7406,False
POPA主題樂園,25.012218,121.46235,False
GiGO - 桃園大江店,25.0006585,121.22921,True
GiGO - 台中老虎城店,24.1640826,120.6381276,True
新藝城 - 草屯店,23.977893,120.683358,False
湯姆熊台南海佃店,23.026128,120.190749,True
湯姆貝貝親子樂園 - 台南遠東成功店,22.9964248,120.2137008,False
湯姆熊高雄大立店,22.6217177,120.2974801,False
湯姆熊高雄左營新光三越店,22.688198,120.3097668,True
湯姆熊和平店,22.6306384,120.3180192,False
慧聰娃娃帝國,24.1763407,120.6463189,False
紅帽象豐原太平洋店,24.2509788,120.7207612,True
永淇樂園淡水店,25.1690818,121.4424346,False
華威天母影城,25.1172335,121.5339537,False
蹦彩樂園台北威秀店,25.0356356,121.5670989,False
湯姆熊美麗華店,25.0834301,121.5569489,True
湯姆熊基隆東明店,25.1275961,121.7584884,False
SEGA WORLD - 苗栗尚順店,24.6937223,120.8967577,False
娃娃樂園 - 斗六店,23.710624,120.541756,False
動力歡樂世界,23.006861,120.218884,False
奇樂多遊樂園-林口店,25.0737311,121.3690693,False
湯姆熊南紡夢時代店,22.990364,120.232981,True
樂友娃娃屋,25.0340851,121.4516408,False
桃園遠東百貨湯姆熊,24.9899278,121.3110289,True
彼得堡 - 晶冠廣場,25.0596669,121.4477,False
新藝城 - 三民店,24.25345,120.7192033,True
國立科學工藝博物館,22.6414306,120.3203625,False
湯姆熊高雄大魯閣,22.5813167,120.3269334,False
抓抓族遊樂園（府中店）,25.0089155,121.4580832,False
歡樂龍親子樂園,23.4713112,120.4290008,False
大創娃娃屋東海二店,24.1808228,120.5867861,False
全家樂,24.0763665,120.5406245,False
玩趣殿,24.1575189,120.6449953,False
湯姆熊 - 嘉義博愛店,23.4809724,120.4369789,True
樂吉歡樂世界,23.9908522,121.6034416,False
湯姆熊高雄巨蛋店,22.6699973,120.3005863,True
湯姆熊嘉義北港路店,23.482305,120.4241962,False
茵德可絲 INDEX ACG,25.0444776,121.5061475,False
新都市歡樂城,24.9615081,121.2245619,False
紅帽象屏東太平洋店,22.6742434,120.4876354,False
花蓮美崙大飯店,23.9997377,121.6209318,False
娃娃樂園 - 花蓮店,23.9768558,121.6044331,False
大魯閣 - 卡丁車場,25.0290513,121.2939814,False
湯姆熊晶品城店,24.8021061,120.9681973,False
大魯閣棒壘球打擊場 - 新莊館,25.031735,121.432087,True
大魯閣棒壘球打擊場 - 中科館,24.1893178,120.6124051,False
迪諾台中梧棲店,24.2592696,120.5359643,False
新視界VR空間運動體驗館,24.2513923,120.7188369,False
娃娃帝國 - 逢甲店,24.1798702,120.6433963,False
大聯盟棒壘打擊場,25.043798,121.5032233,True
湯姆熊台北環球店,25.052257,121.6038678,True
奇樂多南港店,25.052526,121.6060668,True
新國際遊樂園,25.008951,121.5086713,False
奇樂多新埔店,25.023468,121.4682478,True
無敵抓抓樂中原店,24.9544781,121.2387684,False
TIGER複合式運動館,24.782806,121.021008,True
湯姆熊屏東中正店,22.6884972,120.4958264,False
湯姆熊屏東太平洋店,22.6742434,120.4876354,False
新藝城虎尾店,23.7097402,120.4337233,True
樂吉獅歡樂世界 - 桃園店,24.990799,121.3106213,False
哈啦星球-公館店,25.0130052,121.5359631,True
X50 Music Game Station - 西門店一店,25.0455331,121.5028912,False
GiGO - 林口三井店 1 號店,25.0706298,121.3642446,False
老虎歡樂世界桃園春日店,25.009333,121.3095745,False
麗寶樂園 - 虛擬奇境(電玩館),24.3246361,120.6979137,True
湯姆熊淡水店,25.1691233,121.4450016,True
湯姆熊新光三越店,22.6143649,120.3066585,False
哈啦星球-光華店,25.0439113,121.5321389,False
哈啦星球歡樂聯盟-西門店,25.0438514,121.5080065,True
湯姆熊員林惠來店,23.955322,120.571881,True
湯姆熊高雄新富店,22.6147792,120.3484975,False
X50 Music Game Station - 板橋店,25.0088932,121.4608546,False
樂吉獅歡樂世界 - 信義店,25.0810068,121.5554321,False
RED LINE PARK,22.6237699,120.3014669,False
快樂爬爬客,22.6564394,120.3151953,False
湯姆熊 板橋麗寶店,25.0124051,121.4618423,False
湯姆熊 - 樹林秀泰店,24.9955739,121.428591,True
老虎歡樂世界 tigers world 老虎八德置地店,24.965178,121.2989363,True
娃娃兵總動員親子樂園 TOY HUNTER,24.9894461,121.3124076,False
Happy 100 -  ATT大直店,25.0810749,121.5553034,False
湯姆熊 - 左營新光店(湯姆貝貝),22.688472,120.310048,True
一心保齡球館,22.9971121,120.2342204,False
湯姆熊歡樂世界台中旗艦店（台中麗寶店）,24.3243232,120.6994131,False
湯姆熊臨江店,25.0302053,121.5551233,False
樂虎娃娃屋親子樂園,23.5733312,119.5775507,False
哈啦星球-信陽店,25.0446011,121.5167195,False
奇樂多科技景品館三創店,25.0455626,121.5312045,False
Tiger 複合式運動館 - 新竹館,24.7827873,121.0220055,False
饅頭家族主題樂園 - 華泰名品城,25.0142884,121.2123919,False
夾樂比高雄旗艦店,22.723796,120.293609,False
玩具總動員 和億北車站,25.0460066,121.5169442,False
湯姆熊台南新營店,23.31938,120.311975,False
激安爪舖,25.0714618,121.6659963,False
鯊魚夾選物販賣機,25.0500818,121.5117792,False
湯姆熊台南新仁店,22.9473433,120.2202393,False
湯姆熊高雄草衙道,22.582777,120.330912,True
力堡親子歡樂園,22.9983958,120.2519344,False
湯姆熊台中秀泰文心店,24.1298094,120.6462516,True
湯姆熊台南新光中山店,22.9955009,120.2100171,True
白喵一番屋-桃園店,24.9929981,121.312807,True
抓抓族遊樂園（信陽店）,25.044772,121.516604,True
湯姆熊新莊宏匯城店,25.059779,121.449458,True
老虎歡樂世界龍潭店,24.867464,121.2157943,True
湯姆熊嘉義耐斯店,23.49652,120.452582,False
湯姆熊台南新天地,22.9872889,120.1985556,True
Happy 100 潮州驛站店,22.5499112,120.5362825,True
新世界夢時代選物販賣機,24.6850944,120.9066645,True
夾到飽士林店,25.0892638,121.5249246,True
波奇歡樂世界,22.7270986,120.3074042,False
哈啦星球-西門店,25.0439,121.5076096,False
湯姆熊花蓮台開新天堂樂園,23.93883,121.594696,False
邦尼斯玩斗城(金城店),24.4334484,118.3199865,True
邦尼斯玩斗城(山外店),24.4409684,118.4165174,False
爪娃之星,25.0506808,121.5765572,False
陸行鳥選物販賣水源店,25.0131737,121.535271,False
太鼓歡樂園,22.98639,120.233002,True
米可熊娛樂城,24.9536874,121.2243182,False
金猴夾親子樂園,24.8651981,121.2138498,False
湯姆熊頭份尚順店,24.6885914,120.9045853,True
湯姆熊基隆東岸店,25.1299338,121.743101,True
湯姆熊中和環球店,25.0066635,121.4750695,False
雷神英雄,24.8018915,120.9691226,False
暢行無阻 mini KTV 複合式娛樂館,24.9873703,121.511761,False
湯姆熊秀泰生活嘉義店,23.4853088,120.4476997,True
sharkpark.tw鯊魚樂園-南華店,22.6012223,120.3392557,False
老虎歡樂世界 Tiger's World (碧潭廣場店),24.9576007,121.5379467,False
無限遊戲中心 INF GAME Center,25.0088237,121.4611473,True
奇樂多新莊宏匯城店（美麗新影城）,25.0597006,121.4495142,False
湯姆熊高雄義享天地,22.6565439,120.306662,True
白喵一番屋-新竹店,24.8026181,120.971574,True
湯姆熊土城日月光店,24.9787298,121.4452224,True
奇樂多遊樂園-淡海店,25.1988312,121.4378595,False
奇樂多遊樂園-淡水店,25.1769774,121.429114,True
大魯閣棒壘球打擊場草衙館,22.5825476,120.3310505,False
老虎歡樂世界 - 佳瑪新莊旗艦店,25.0488159,121.4478481,True
中原哈電星(中原＠ＨＤＤＳ),24.955229,121.2402893,False
夾享世界台中逢甲店,24.1764632,120.646405,False
老虎歡樂世界 - 中原家樂福店,24.9623771,121.2321257,True
夾到飽永和店,25.0090082,121.5135003,True
老虎竹南佳瑪店,24.6869137,120.8780811,False
哈啦星球-公館二店,25.012833,121.5359435,True
卡通尼樂園-南崁台茂購物中心,25.053471,121.288392,True
湯姆熊-桃園環球A8店,25.060604,121.3700716,False
熊吉＆赫菈菈-楠梓站前店,22.7267511,120.3262433,False
湯姆熊台南三井OUTLET,22.9269429,120.2872231,False
家樂福中正店兒童遊戲區,23.032797,120.228612,False
大釣哥選物販賣,24.9533402,121.2234276,False
老虎歡樂世界 Tiger World（蘆洲佳瑪店）,25.0819813,121.4643711,True
新營轉運站,23.3102897,120.2832107,False
E7PLAY三重店,25.0611415,121.5014774,True
白喵一番屋-台中店,24.1502434,120.6851894,True
湯姆熊遠雄汐止店,25.0619454,121.6480753,True
哈啦星球-饒河店,25.050693,121.5770277,True
七武海樂園,23.5669549,119.5685023,False
熊吉＆赫菈菈-裕誠店,22.6658288,120.2987738,False
湯姆熊樂購廣場,22.782118,120.3002272,True
X50 Music Game Station - 西門店二店,25.045762,121.503109,False
889親子夢幻樂園,24.9903583,121.5414913,False
歐8,24.0759431,120.5416352,True
大魯閣棒壘球打擊場 - 中華館,23.0062548,120.1861257,False
大魯閣棒壘球打擊場 - 仁德館,22.972322,120.2480284,False
老虎博愛佳瑪店,22.6637641,120.3036624,False
波奇光華店,22.616997,120.318072,False
熊吉&赫菈菈五甲店,22.5936604,120.3280442,False
湯姆熊高雄新楠店,22.7362928,120.3305217,False
湯姆熊屏東環球店,22.6732274,120.4935387,True
大潤發鳳山店,22.6331658,120.3549006,False
湯姆熊彰化家樂福店,24.0946068,120.5424139,True
GiGO - 台中Lalaport店,24.1339197,120.6925624,True
老虎歡樂世界Tiger'sWorld 中正店,24.9541998,121.2240888,True
湯姆熊新竹竹北遠百店,24.8231739,121.0237699,False
波奇鼎山家樂福店,22.6532304,120.3189752,False
Funbox天母新光店,25.1179352,121.5339267,False
馬吉の店,25.0460243,121.5169483,False
THE ONE 24小時選物販賣機,25.0012496,121.613097,False
喵喵公園 林口環球店,25.0662106,121.3615704,False
夾到飽親子樂園,25.1292966,121.7443337,True
老虎歡樂世界 Tiger's World 楊梅店,24.9101888,121.1455539,False
湯姆熊裕隆城店,24.9779832,121.5465116,True
大魯閣棒壘球打擊場 新時代館,24.1362498,120.6878506,True
哈啦星球 台中逢甲店 H50MGS,24.1744929,120.6442236,True
七元湯-太鼓達人特訓基地,24.1386351,120.6829337,False
新大江戶音樂創劇,22.6379834,120.302821,False
Rhythm Arena 競音殿堂,22.6280144,120.2966473,True
大魯閣棒壘球保齡球 新時代複合館,24.1362895,120.6876909,False
蹦彩樂園西門店,25.044521,121.509239,False
家樂福 中壢店,24.9474134,121.2448862,False
驛彩世界,24.142637,120.6787388,False
小凡樂園,25.1717774,121.4458778,True
湯姆熊摩亞時尚廣場店,25.1309333,121.744792,False
GiGO - 台中廣三SOGO店,24.1555662,120.6615905,True
GiGO - Global Mall 南港車站店,25.0530944,121.6082992,False
白喵一番屋 - 中壢店,24.9547944,121.222628,True
湯姆熊 - 豐原家樂福店,24.252252,120.7063303,False
哈啦星球-桃園復興店,24.990431,121.312353,True
X50 Music Game Station - 西門店零店,25.0457396,121.5029795,True
彈珠園 北港旗艦店,23.5673615,120.3046869,False
苗栗娃娃王國,24.5656518,120.8193505,False
抓抓族裕隆城店,24.978061,121.546478,False
湯姆熊 MITSUI OUTLET PARK 台中港店,24.2589184,120.5184037,True
橙柿口袋,24.1490251,120.6857766,True
GiGO - 林口三井店 2 號店,25.0706472,121.3648336,True
湯姆熊林口三井店,25.0687375,121.3647912,True
FUNBOX 比漾廣場店,25.008209,121.5076921,False
哈啦星球-士林店,25.0868787,121.5255253,True
哈比歡樂世界-花開了休閒農園,24.8267654,121.3108779,False
Rhythm Arena II 競音殿堂,22.6678051,120.3202976,True
白喵一番屋-台北店,25.0440094,121.5159911,True
宝夾町,24.1478599,120.6220052,True
老虎歡樂世界 Tiger's World 復興愛買店,24.1148698,120.6542225,True
夾子園 X彈珠園 萬華旗艦店,25.0334575,121.5013726,False
彈珠殿堂臨江店,25.0299542,121.5551708,False
哈啦星球-台中一中店 Support by X50,24.1476635,120.6858723,True
湯姆熊歡樂世界-中壢大時鐘店,24.955676,121.221428,False
奇樂多 - 信義威秀店,25.0352646,121.5672596,True
大魯閣棒壘球打擊場 楠梓館,22.7287962,120.2898865,False
木頭人,24.754992,121.7570549,True
老虎歡樂世界 Tiger's World 豐原愛買店,24.2568576,120.7348293,False
老虎歡樂世界 Tiger's World 豐原家樂福店,24.252257,120.7063873,False
異想新樂園,24.084839,120.695939,True
老虎歡樂世界桃園青埔店,25.0129593,121.2175658,False
X50 Music Game Station - 高雄店,22.6407613,120.3016396,True
家樂福 嘉義店,23.4711973,120.4319822,False
家樂福（康達盛通） 南投店,23.9054001,120.6891482,False
老虎歡樂世界 花蓮愛買店,23.9781721,121.5996227,False
